{
  "metadata": {
    "filename": "Wide Spectral Gap  The \"Silent Manifold\"2.wav",
    "filepath": "/Users/alignmentnerd/aor-dmma/Wide Spectral Gap  The \"Silent Manifold\"2.wav",
    "file_hash": "8ab56d94d6611f5306e77b0de7f3cdb674da0373144576797bdad37d96a2c2db",
    "file_size_bytes": 38661288,
    "duration_seconds": 201.36,
    "sample_rate": 22050,
    "samples": 4439988,
    "channels": 1,
    "analysis_timestamp": "2026-02-06T09:02:30.268976",
    "aor_version": "7.1-MLX-FULL"
  },
  "spectral": {
    "chroma_mean": [
      0.4254,
      0.2806,
      0.2919,
      0.324,
      0.3126,
      0.4642,
      0.3087,
      0.292,
      0.2846,
      0.2522,
      0.2512,
      0.2762
    ],
    "chroma_std": [
      0.3786,
      0.2553,
      0.3047,
      0.3328,
      0.2586,
      0.4024,
      0.2644,
      0.292,
      0.3106,
      0.2757,
      0.2943,
      0.2561
    ],
    "mfcc_mean": [
      -243.4364,
      124.8561,
      35.2084,
      19.8238,
      13.122,
      -1.5219,
      10.4948,
      0.8665,
      0.0088,
      1.3145,
      -1.8924,
      1.3473,
      -2.0471
    ],
    "mfcc_std": [
      94.5187,
      39.3261,
      19.3938,
      13.8007,
      15.5698,
      10.3407,
      10.9269,
      9.4062,
      8.972,
      9.9588,
      8.8126,
      8.3447,
      7.299
    ],
    "mfcc_delta_mean": [
      0.0133,
      0.0069,
      0.002,
      0.0006,
      0.0019,
      0.0001,
      0.0018,
      -0.0005,
      -0.0006,
      -0.0006,
      -0.001,
      -0.0011,
      -0.0006
    ],
    "spectral_centroid_mean": 1386.27,
    "spectral_centroid_std": 845.96,
    "spectral_bandwidth_mean": 2163.65,
    "spectral_bandwidth_std": 612.95,
    "spectral_rolloff_mean": 2671.49,
    "spectral_flatness_mean": 0.006015,
    "spectral_contrast_mean": [
      24.1224,
      18.3945,
      21.257,
      21.0186,
      17.766,
      17.8089,
      44.7882
    ],
    "zero_crossing_rate_mean": 0.039554,
    "spectral_rigidity": 0.9728,
    "eigenvalue_spread": 3.4477
  },
  "rhythmic": {
    "onset_strength_mean": 1.0954,
    "onset_strength_std": 1.0536,
    "tempo_bpm": 129.2,
    "beat_count": 390,
    "beat_interval_mean": 0.4652,
    "beat_interval_std": 0.0248,
    "beat_regularity": 0.9466,
    "tempogram_ratio": 5.1556
  },
  "harmonic": {
    "harmonic_ratio": 0.994,
    "tonnetz_mean": [
      -0.1913,
      0.2156,
      -0.0719,
      0.1528,
      -0.0503,
      0.0046
    ],
    "tonnetz_std": [
      0.2007,
      0.2571,
      0.2271,
      0.307,
      0.1191,
      0.1226
    ],
    "pitch_mean": 848.32,
    "pitch_std": 942.98
  },
  "energy": {
    "rms_mean": 0.110802,
    "rms_std": 0.064834,
    "rms_max": 0.364062,
    "rms_min": 0.0,
    "dynamic_range_db": 120.67,
    "loudness_variance": 0.00420339,
    "energy_p10": 0.024602,
    "energy_p50": 0.107635,
    "energy_p90": 0.196042
  },
  "linguistic": {
    "word_count": 222,
    "unique_words": 101,
    "vocabulary_richness": 0.455,
    "char_count": 1154,
    "avg_word_length": 4.19,
    "segment_count": 17,
    "words_per_segment_mean": 12.65,
    "words_per_segment_std": 4.3,
    "syllable_count": 331,
    "syllables_per_word": 1.49,
    "adjacent_rhymes": 0,
    "syllables_per_second": 1.64,
    "words_per_second": 1.1
  },
  "aave": {
    "lexicon_source": "external_json",
    "categories": {
      "contractions": {
        "matched_count": 0,
        "matched_terms": [],
        "density": 0.0
      },
      "pronouns_and_articles": {
        "matched_count": 0,
        "matched_terms": [],
        "density": 0.0
      },
      "semantic_inversions": {
        "matched_count": 0,
        "matched_terms": [],
        "density": 0.0
      },
      "slang_positive": {
        "matched_count": 1,
        "matched_terms": [
          "wave"
        ],
        "density": 0.004505
      },
      "slang_negative": {
        "matched_count": 0,
        "matched_terms": [],
        "density": 0.0
      },
      "slang_intensifiers": {
        "matched_count": 0,
        "matched_terms": [],
        "density": 0.0
      },
      "slang_money_terms": {
        "matched_count": 0,
        "matched_terms": [],
        "density": 0.0
      },
      "slang_drugs_alcohol": {
        "matched_count": 0,
        "matched_terms": [],
        "density": 0.0
      },
      "slang_violence_conflict": {
        "matched_count": 0,
        "matched_terms": [],
        "density": 0.0
      },
      "slang_locations": {
        "matched_count": 0,
        "matched_terms": [],
        "density": 0.0
      },
      "slang_people": {
        "matched_count": 0,
        "matched_terms": [],
        "density": 0.0
      },
      "slang_actions": {
        "matched_count": 0,
        "matched_terms": [],
        "density": 0.0
      },
      "slang_vehicles": {
        "matched_count": 0,
        "matched_terms": [],
        "density": 0.0
      },
      "slang_clothing_jewelry": {
        "matched_count": 0,
        "matched_terms": [],
        "density": 0.0
      },
      "slang_music_performance": {
        "matched_count": 0,
        "matched_terms": [],
        "density": 0.0
      },
      "slang_general": {
        "matched_count": 0,
        "matched_terms": [],
        "density": 0.0
      },
      "classic_80s_90s": {
        "matched_count": 2,
        "matched_terms": [
          "loop",
          "break"
        ],
        "density": 0.009009
      },
      "classic_golden_era": {
        "matched_count": 0,
        "matched_terms": [],
        "density": 0.0
      },
      "classic_modern": {
        "matched_count": 1,
        "matched_terms": [
          "wave"
        ],
        "density": 0.004505
      },
      "regional_south": {
        "matched_count": 0,
        "matched_terms": [],
        "density": 0.0
      },
      "regional_east_coast": {
        "matched_count": 0,
        "matched_terms": [],
        "density": 0.0
      },
      "regional_west_coast": {
        "matched_count": 0,
        "matched_terms": [],
        "density": 0.0
      },
      "regional_midwest": {
        "matched_count": 0,
        "matched_terms": [],
        "density": 0.0
      },
      "regional_atlanta": {
        "matched_count": 0,
        "matched_terms": [],
        "density": 0.0
      },
      "regional_general": {
        "matched_count": 0,
        "matched_terms": [],
        "density": 0.0
      },
      "context_positive_context": {
        "matched_count": 0,
        "matched_terms": [],
        "density": 0.0
      },
      "context_negative_context": {
        "matched_count": 0,
        "matched_terms": [],
        "density": 0.0
      },
      "context_affirmations": {
        "matched_count": 0,
        "matched_terms": [],
        "density": 0.0
      },
      "context_exclamations": {
        "matched_count": 0,
        "matched_terms": [],
        "density": 0.0
      },
      "phonological": {
        "matched_count": 0,
        "matched_terms": [],
        "density": 0.0
      },
      "whisper_normalized": {
        "matched_count": 2,
        "matched_terms": [
          "dat",
          "fo"
        ],
        "density": 0.009009,
        "note": "AAVE forms likely spoken but normalized by Whisper ASR"
      }
    },
    "grammar": {
      "patterns_found": 0,
      "weighted_score": 0.0,
      "matches": []
    },
    "totals": {
      "lexical_matches": 6,
      "grammar_matches": 0,
      "combined_matches": 6,
      "aave_density": 0.027027,
      "unique_terms": 5,
      "aave_richness": 0.8333
    },
    "all_matched_terms": [
      "dat",
      "wave",
      "break",
      "loop",
      "fo"
    ]
  },
  "reinman_metrics": {
    "sds_score": 0.2356,
    "tvt_score": 288.28,
    "spectral_rigidity": 0.1212,
    "lyric_valence": 0.7644,
    "audio_arousal": 1.0
  },
  "god_equation": {
    "sci_with_aave": 1.866,
    "sci_without_aave": 1.4286,
    "variance_percent": 30.61,
    "intelligence_score": 2.8829,